"Name","Country","Sex","Occupation"
"NIO MIA JUA","Australia","F","Unemployed"
"DIO UOE MAO","Canada","M","Manager"
"QIA JIU HEE","Canada","F","Lawyer"
"FEA WEI CAI","Brazil","M","CEO"
"UEA EOI EUU","US","M","Researcher"
"QUI QUU SEA","France","F","Unemployed"
"EIE BOO KAE","Brazil","M","Unemployed"
"IUA CII DEO","Italy","F","Lawyer"
"BOA POI PAU","Japan","F","Manager"
"JOA FIE HUE","Bolivia","F","CEO"
"OOE SIA LIU","Australia","F","Unemployed"
"PAE TOA XEE","Canada","F","Manager"
"NAU YOO BEU","US","F","Teacher"
"LAO OII KOA","Australia","F","Unemployed"
"DOA UIA VUI","Italy","M","Unemployed"
"PIU LOI QUO","US","F","Researcher"
"KUO HUU UUE","Italy","F","Programmer"
"KEI WIE VII","Bolivia","M","Researcher"
"WOU NAI HOE","China","M","Manager"
"UUE FAA MUE","China","F","Unemployed"
"OEI MEE QUA","Brazil","M","Teacher"
"EEE TOA XAI","Italy","F","CEO"
"UAE YUO ZOO","Brazil","M","Programmer"
"EEU JUO IIE","Italy","F","Manager"
"IAI GUE QEE","France","M","CEO"
"FAE EEI DOO","Italy","M","Unemployed"
"HEI YAU TEI","Bolivia","F","Manager"
"ZOI BEU DIU","Japan","F","Unemployed"
"HUU WEO YOO","Italy","F","Researcher"
"BEU KIU TOE","Japan","M","Teacher"
"MAI FOE FOA","Australia","F","Lawyer"
"KAA FUI XOE","Italy","F","Lawyer"
"DIU JIA IUE","Canada","F","Unemployed"
"NOE PUA EEA","France","F","Unemployed"
"COA UIU MUO","Brazil","F","CEO"
"DOU SOE XEU","Canada","F","Researcher"
"QUO HUO EII","France","F","Unemployed"
"ZOE MOI YII","Japan","M","Manager"
"WOI NIE HIO","Japan","F","Researcher"
"FUU YOA SEA","Italy","F","Researcher"
"KII ZEA VEU","US","M","Programmer"
"WUI VUU FOA","Italy","F","Student"
"QAE RAE UEA","Australia","M","Unemployed"
"OIA DEA FAO","Bolivia","M","CEO"
"POU CUO EUE","Australia","M","Manager"
"LOE MIA EAA","Canada","M","CEO"
"OOA WAA KEA","Brazil","F","Teacher"
"WOA EAO FEI","France","M","Manager"
"ZEI JEA COO","Brazil","M","Unemployed"
"VEE EUA CEO","Bolivia","F","Lawyer"
"OOA EOU CIO","Bolivia","F","Teacher"
"CUA SUO KOU","China","M","Unemployed"
"MUE BEI HAA","Australia","M","Student"
"OOA COA MOO","China","M","Unemployed"
"QUE MOO COA","France","M","Unemployed"
"SUU HEA VUA","Canada","M","Teacher"
"IUO YUO FEO","US","F","Lawyer"
"WAU WUI LUE","Canada","F","Unemployed"
"DOE IAO SOU","US","M","Lawyer"
"EIE JUO CIE","Bolivia","F","Unemployed"
"SOE JEU LAU","China","F","Manager"
"LOO GAA OEU","Italy","M","Unemployed"
"WUO ROA BAI","Australia","F","Manager"
"SIA RII DUO","Bolivia","F","Lawyer"
"UOA SOE TAU","Italy","F","Teacher"
"PIE HIO IEI","Australia","F","CEO"
"IEU JOA CEA","Japan","F","Researcher"
"OOU UEA UUA","Italy","M","Unemployed"
"JUO YEA SEE","Italy","F","Researcher"
"UAE GIO JAO","Australia","F","Student"
"WEI HOI ZEI","Bolivia","F","CEO"
"COU RIU QAE","US","F","Researcher"
"ZOO CEA KUO","Australia","F","CEO"
"OOI VAA DIO","China","M","Lawyer"
"XIE LIO NEU","Australia","F","Unemployed"
"QUE UUO OAI","Brazil","M","Student"
"GUE LOA LUE","Brazil","M","Researcher"
"OAA OOI TOO","Bolivia","F","Programmer"
"LUI COI IUO","Italy","M","Programmer"
"WAI JEI FIE","China","F","Lawyer"
"TUU UUO OEE","France","F","Lawyer"
"YUE QOI UAA","Australia","F","Unemployed"
"XOI FUI KOE","Bolivia","F","Researcher"
"BAO CIA KAE","Canada","M","Unemployed"
"BIU TAO TAO","Australia","F","Researcher"
"OII IEA NAE","China","F","CEO"
"ZUE RAO FIA","Canada","F","Unemployed"
"YUI LEO KUO","Italy","F","Researcher"
"FIO WIE VAA","China","F","CEO"
"ZOU QIU ZAE","Italy","M","Programmer"
"YIU CAI FOA","US","M","CEO"
"BEA CEO JUE","US","M","CEO"
"NOI REU BIA","Bolivia","M","Unemployed"
"REA TOI XEI","China","F","CEO"
"YAA VAA JEO","China","M","Teacher"
"ZOA FII IAE","Italy","M","Teacher"
"TOO SAU EUA","Japan","M","Student"
"UEO LUU NUE","Canada","F","Student"
"PUO GAI NII","France","M","Programmer"
"JUE UAO KAA","Italy","F","Student"
"NUI DUA ZII","Italy","M","Researcher"
"HEI DAA DIO","France","M","Programmer"
"UAI JUA XEE","China","F","Lawyer"
"SEE LUU KUA","US","F","Programmer"
"VAO BIE QAE","Italy","F","Teacher"
"YUU ZIA SOO","US","F","Programmer"
"DUI GUE NIU","Italy","M","Researcher"
"VUI DUA IEE","China","F","Teacher"
"BEI TEI KAE","Japan","F","Researcher"
"OIU HII KAA","Australia","M","Teacher"
"MUA CUI LEO","Australia","F","Programmer"
"BEO XEI KAA","Bolivia","M","Unemployed"
"ZOA WIA RII","US","F","Student"
"YOU WUA ROI","Italy","M","Unemployed"
"HIA FEO WUA","China","M","Programmer"
"KIE YUI VII","Australia","F","Researcher"
"IIA VIE IEI","Australia","F","Unemployed"
"WOI UIA QAO","US","F","Programmer"
"DOO KAA XOE","Australia","F","Researcher"
"GAA DIU HUI","China","F","Manager"
"NOO UEU HIO","Canada","F","Programmer"
"QII KEU TUA","China","M","Lawyer"
"RUI COO KII","Brazil","M","CEO"
"HEE MAO PII","Australia","F","Manager"
"KIU MAU BEA","Australia","F","Unemployed"
"MUI KEA IAU","Italy","F","Unemployed"
"KIO TOO NIU","France","M","Teacher"
"VUE YEO UEO","Brazil","F","Student"
"BEA CIE RAI","France","F","Researcher"
"HAU LAA DEI","Italy","F","Student"
"FUA OEA PUI","Brazil","F","Lawyer"
"OUA MAI POI","Japan","M","Unemployed"
"FIA JOA OIU","Italy","M","Researcher"
"SEO JAU SOU","Italy","F","Lawyer"
"MEO REU GIE","US","M","Unemployed"
"WIE YUE EOO","China","M","CEO"
"YUI QOI BAO","France","M","Lawyer"
"TUO BAE VEI","Italy","M","CEO"
"MOO ZUI OAU","US","F","Unemployed"
"DEA DUO BEU","Australia","F","CEO"
"SEA ROA ZUE","China","F","Student"
"QOI WEI RUO","US","M","Student"
"EIO PAI RIA","Canada","F","Researcher"
"YII XAA UAO","China","F","Student"
"ZOU QEA LIO","Canada","F","CEO"
"YUI MIE LIO","Canada","F","CEO"
"UEI DEO EOI","France","M","Student"
"MII UII IOO","Brazil","M","CEO"
"ZAE VOU ZUU","Japan","F","Programmer"
"XIO GIA NAU","Brazil","M","Researcher"
"TIA PUU RII","France","F","Student"
"XAE LAE HUE","Canada","F","Student"
"NAU NOI CAU","Australia","F","Programmer"
"BEU EUO SAA","Italy","M","Student"
"XOE BEO XIO","US","F","CEO"
"MII GOA QAA","China","M","Programmer"
"JOU RUU RAO","Australia","M","Researcher"
"KUI ROU DIO","Japan","F","Researcher"
"NAO LIA SAE","Australia","F","Teacher"
"OIO QEU PUA","US","M","Teacher"
"MAE DOE DIE","Australia","M","Lawyer"
"BAI HAU GIU","Canada","M","CEO"
"SEO RIE QIO","France","F","Researcher"
"YAU UOU COU","Italy","F","Lawyer"
"UOA VUA IUO","Italy","F","CEO"
"IAU YUU SAI","Bolivia","M","Unemployed"
"LEE GAA JUU","US","M","Programmer"
"BAU TIA OOU","Bolivia","M","Programmer"
"LII CII YII","Bolivia","F","Student"
"EUA DEU IUA","Brazil","F","Unemployed"
"HIE FAE FII","Bolivia","F","Unemployed"
"ZOA LOE FOE","China","M","Lawyer"
"QIU DUA KUO","Italy","M","Unemployed"
"JIA TIO RAE","France","M","Lawyer"
"YUI DEE GAE","Japan","F","Lawyer"
"OUO KIU LOA","Brazil","F","Researcher"
"QEU SAA PEU","China","F","Manager"
"TEI PUU DEU","US","F","Programmer"
"MIA EUE NIU","US","M","Researcher"
"OII POA BEI","Japan","M","CEO"
"NAI FAE EAU","Brazil","F","Lawyer"
"SEU HEE FUU","Japan","F","Student"
"PEU NIO MIA","US","F","Lawyer"
"JOO QUA UIE","Brazil","M","Programmer"
"HIU EAA VOO","Brazil","F","Researcher"
"ZIA POU PUO","US","M","Programmer"
"IUU LOE PEO","Brazil","F","Student"
"NUO YOE ZEE","US","M","Researcher"
"LOU NEI FIO","China","M","Researcher"
"OIA TAU NII","France","M","Researcher"
"SUI VOO WAU","Japan","M","CEO"
"LEO VII FIE","Canada","F","Researcher"
"OUI RIE CUO","Italy","F","Student"
"XIA FIA TUU","Bolivia","M","Teacher"
"OIA SEI DIO","US","F","Student"
"UUE BUI OOI","Canada","M","Teacher"
"SOU EEI IAO","Bolivia","M","Teacher"
"BEU MAO WII","US","F","Unemployed"
"WAO BOA ROI","France","F","Teacher"
"ZOU QIU FUA","Australia","F","Researcher"
"OII UEU IOI","Italy","F","Teacher"
"COO PUA EUU","US","M","Unemployed"
"RIE HOU PIA","Bolivia","M","Lawyer"
"NUO EAE EIE","Bolivia","M","Student"
"EUA CUO UAE","Australia","M","Student"
"LUU XAI SAO","Bolivia","M","Unemployed"
"FEI DAO GAE","Canada","M","Manager"
"XUU FIE NEE","Canada","M","CEO"
"FIA OIA MEO","Italy","F","Manager"
"QIO NOO BEO","Bolivia","F","Teacher"
"IEI TUA COA","France","F","Lawyer"
"LOO LEA XIA","Brazil","F","Lawyer"
"VUA CII GEU","Bolivia","F","Unemployed"
"TIO TUI IAI","Brazil","M","CEO"
"IUU SEO QEO","Australia","F","Teacher"
"JIE ZEI DIU","Italy","M","Teacher"
"LAO COA RAU","Japan","F","Lawyer"
"KUA TAU NEU","Australia","F","CEO"
"OUU FEE SIO","Australia","F","Student"
"EEE IUI VUE","Australia","F","Researcher"
"IUA JEU BAE","France","M","Teacher"
"UIU WOU QUA","China","F","CEO"
"OUU JEE TOA","Bolivia","M","Lawyer"
"HUE XIU LEE","US","M","CEO"
"MIO IAU LEE","Japan","F","Programmer"
"XAO NIE FEO","Japan","F","Programmer"
"SAU DIO HAA","Australia","F","Unemployed"
"ZEO WIO HEA","US","F","Programmer"
"FIE TOU CEU","Japan","M","CEO"
"RIE VEI XEA","Brazil","F","CEO"
"OEE NEE ZUA","Italy","F","Student"
"CUI IAA DOE","Canada","F","Researcher"
"YUI FIE XEA","Bolivia","F","Lawyer"
"EUI LOE UAU","France","M","CEO"
"DEO KEE LOO","Australia","M","CEO"
"HOA IEO OAE","Italy","M","Researcher"
"ZUI RIE HOA","Italy","M","CEO"
"BII PIO EEI","Brazil","M","Unemployed"
"NIE EIU EEI","France","M","Lawyer"
"OOE MAI HUU","Italy","M","CEO"
"HIU ROU UUO","China","F","Lawyer"
"DOA ZAU LOE","Japan","M","Manager"
"PAE IUE VOA","Canada","M","Unemployed"
"ZUO MOO YIU","Brazil","M","Teacher"
"KIA QIO UOU","Japan","M","Manager"
"OIA HEE WOO","Canada","M","Unemployed"
"HOU DEE WUI","Australia","F","Student"
"CUU PIO DII","Australia","M","Teacher"
"PIA WEO HEO","Brazil","F","Researcher"
"GUI QEA KAU","Italy","M","Teacher"
"FAO JIA IAE","Canada","F","Programmer"
"NAI PUA LEU","Canada","M","CEO"
"JOU MEI RUA","China","F","CEO"
"YIO XAA JUE","France","M","Manager"
"KOI DIA VOO","Japan","F","CEO"
"UOA FAU DUA","Bolivia","M","Programmer"
"HOI MUA GUI","China","F","Unemployed"
"TEA OEA OEA","Japan","F","Manager"
"NIA TOA XUE","US","F","Researcher"
"GOA SUA WUA","Bolivia","F","CEO"
"IEO OIE XEI","France","F","Student"
"CIO JIE YUE","Brazil","M","Researcher"
"CAE OAU VUA","Brazil","F","Manager"
"KIE OIA NOO","Bolivia","F","Lawyer"
"HEE FUU VAI","Bolivia","M","Programmer"
"FIA WOU CEE","France","M","Unemployed"
"XUE REU RUO","China","F","Researcher"
"FOI EUA MAO","Italy","M","Lawyer"
"QOA IAO CEI","Brazil","M","CEO"
"POA QUE KUE","China","M","Teacher"
"DOE HUE HAI","Bolivia","M","Teacher"
"GAE YUI QAU","China","F","Programmer"
"KAA GOE LUO","Bolivia","M","Teacher"
"WOA FAI XEA","China","M","Manager"
"XUA YOA NUU","Italy","F","Unemployed"
"BOE YIA GAO","China","M","CEO"
"BOE JOE UAO","China","M","Unemployed"
"OEI EOO SUO","Brazil","M","Student"
"EUI NUU SEA","Italy","F","Teacher"
"TOE LAA COA","China","F","Student"
"IUO FOE VUI","Australia","M","Lawyer"
"BAI TOU RUA","Australia","F","Researcher"
"WUA ZUE XIA","US","M","Researcher"
"RUO NIO UIO","Japan","F","CEO"
"VUA GOI KUU","Canada","M","CEO"
"DII WUO IIA","US","F","Manager"
"ZII SIA ZOA","Italy","F","Student"
"QII UIA FIU","China","F","Student"
"ZEU LUE ZUE","France","M","Researcher"
"NUE XAI LIE","Brazil","M","Programmer"
"TAI SAO EEA","US","F","Programmer"
"QUO UEI YII","France","F","Lawyer"
"DEU REI RUI","China","F","Unemployed"
"BEU LEE PEU","China","M","Programmer"
"WAE GUO LII","China","M","Student"
"SAO LEI REA","Bolivia","F","Student"
"WAI GEO JUU","US","M","Programmer"
"GAE TIA BEE","Brazil","F","Lawyer"
"ZEO IOU FII","China","F","Student"
"ZAO IIO WAU","Brazil","F","Programmer"
"YIU HII DUU","Japan","F","Researcher"
"DUE IOI ZOU","China","F","Lawyer"
"GUO OEO XIE","Australia","F","Unemployed"
"JEE REU ZEI","China","F","Student"
"WUU GAA YAO","Canada","M","Programmer"
"OOO QUE DAA","Italy","M","CEO"
"IAI EOA UOO","France","M","Programmer"
"SEA LEE LUA","Australia","F","Programmer"
"SIO NAI IOI","China","M","Student"
"OEU NAO LUO","Australia","F","Unemployed"
"JAA KIA CAO","Canada","F","Researcher"
"KOU TOE SIE","Australia","F","Programmer"
"EUA HEI GAE","France","M","Unemployed"
"COO XOE OOI","Bolivia","M","Programmer"
"HAE LEI PIU","Bolivia","F","Unemployed"
"VIE UOE ZOO","Brazil","M","Student"
"OEE HAI RAO","Australia","F","Teacher"
"OOE SAA YUA","Bolivia","M","CEO"
"HEI VOO ZEI","France","M","CEO"
"UOO YUE FAA","Australia","F","Manager"
"VIU CAU COI","US","F","CEO"
"QIU SIA XUE","France","F","Manager"
"EUA ZEE NEE","Japan","F","Teacher"
"JUA OIE CEE","France","M","Student"
"VUE HAI PIA","China","F","Teacher"
"BOE QIA LOO","Italy","M","Unemployed"
"GAU FEO CEO","Canada","M","Student"
"CEE ROI MIA","Bolivia","M","CEO"
"JIA SAO SUO","US","M","Researcher"
"WOE UOA FEU","China","F","Programmer"
"XEO TEO WIU","US","M","Unemployed"
"GOA HIO YOA","Bolivia","M","CEO"
"WAU PAI CAU","Japan","F","Manager"
"COA QAO DUE","Japan","M","Lawyer"
"CEE XII JEA","China","F","Researcher"
"QUO NIO VIE","Japan","M","Lawyer"
"RAE SEI NIO","US","M","Programmer"
"KUI GEA TIO","China","F","Manager"
"VOA YAE FAO","Japan","M","Student"
"ZUI XAI QOA","France","F","Researcher"
"UEO OOU XIO","Canada","M","Programmer"
"ROU JIU VAA","US","M","Researcher"
"EEO JOU XOO","Bolivia","F","Unemployed"
"ZII EAA IEE","Canada","M","Manager"
"COE HEO YAA","Canada","M","Programmer"
"QEU XEE ZIE","France","M","Unemployed"
"NIU NIE HIA","US","F","Unemployed"
"IEI ZUO OAI","Brazil","F","Student"
"KAE HIU DAU","France","F","Researcher"
"RUU REE HAO","Canada","M","Student"
"PAO POO ZUU","Bolivia","F","CEO"
"GAO ZOO DOE","US","F","Programmer"
"RUE KIO QII","Canada","F","Student"
"JEE GAO KII","China","F","Student"
"HUE SEE OAA","Japan","M","Teacher"
"XOA SIE GEE","Brazil","F","Unemployed"
"JEE XIU QAU","US","M","Researcher"
"EEA EEO GOE","Brazil","M","Manager"
"OEE UAU GIA","Italy","M","CEO"
"UEO HEA OIO","Canada","F","Unemployed"
"GAE BOU MIA","US","F","Lawyer"
"MEU NAO TUO","Japan","F","Researcher"
"RAI VUE KEO","Bolivia","F","Student"
"QAE HIU GEE","Japan","M","Programmer"
"KAO YIU KOU","China","M","Unemployed"
"BAI WEO RUO","Canada","F","Researcher"
"POO OAI TOA","US","F","Researcher"
"JEO WEU CIO","Canada","F","Lawyer"
"ZEI IUE OUO","China","F","Lawyer"
"MOU REU DAA","Italy","M","Lawyer"
"RII VIE LAA","Brazil","M","Student"
"SEE GOU HEI","US","M","Teacher"
"TOE PUA BEO","Brazil","M","Programmer"
"OAE QOU XEU","China","M","Manager"
"HEA OEE ZOE","Bolivia","F","Unemployed"
"HUO JAE EOU","Brazil","M","Lawyer"
"REU JII FEU","US","M","Teacher"
"KOI SEO FEO","Australia","F","CEO"
"NUO ZEA VOO","France","F","Programmer"
"OIA KAE WUU","Canada","F","Manager"
"IUO HEO MOE","Australia","F","CEO"
"COU SOE IUI","Canada","F","Manager"
"WEE YOA GAU","Italy","M","Unemployed"
"VOO EUU QUE","Australia","F","Teacher"
"ROI EIE TEO","Australia","M","Researcher"
"PAI KIU IOU","China","F","Lawyer"
"PUI SIA DAO","China","F","Manager"
"MEI IEU WEE","Canada","F","Student"
"CAI EAO EAU","Canada","F","Researcher"
"CUO POU QOE","Canada","F","Unemployed"
"BAU COE HUI","Bolivia","M","Programmer"
"BUU MOE QAU","China","M","Researcher"
"OII CEI UEI","Japan","F","Lawyer"
"SUU JEU HOE","France","M","Researcher"
"KUA GOI QIA","Australia","F","Teacher"
"HUA QUE KIA","Bolivia","M","Programmer"
"NUE GOA WOI","China","M","Unemployed"
"FUU SOA DOA","France","F","Unemployed"
"LOE YOU XEA","Brazil","M","Researcher"
"WAA ZOU XEA","US","F","Teacher"
"OOU DEO UOA","US","M","Student"
"EEE YEE OEA","Japan","F","CEO"
"PEI OII MOE","Bolivia","M","Researcher"
"ZEI JAO GOO","China","M","Lawyer"
"GOO OIU COI","Bolivia","M","CEO"
"IEI OEO FEI","Bolivia","M","Lawyer"
"DAU YOA WEA","US","M","Manager"
"OEO HOE QEI","Canada","M","Teacher"
"SIA FIA IOO","US","M","Student"
"DAU VEU HEI","Brazil","M","Manager"
"GUE VOI YIU","Australia","F","Manager"
"NOA FII HOI","Italy","M","Programmer"
"ZEO WOU WEA","Australia","F","Lawyer"
"QIA SAE OUO","France","F","Teacher"
"VOI ZIU ROE","Australia","F","Teacher"
"CIO HIA MOA","Brazil","F","Researcher"
"UAO YIU DAI","France","F","Programmer"
"HUI DIU GUO","Canada","F","Student"
"LAA SIA IIA","Japan","F","Researcher"
"UUU ZEU JEU","Australia","M","Lawyer"
"FIA LII HUI","Bolivia","F","Programmer"
"JOE WII GUE","Brazil","F","Student"
"COI HUE PAE","Japan","F","Programmer"
"HUA JIO JUO","Japan","M","Manager"
"PIU XIA BAA","Italy","F","Programmer"
"PIA FUA XIO","Canada","M","Lawyer"
"LOO DOI GAI","US","M","Student"
"HOU ROA LAA","Brazil","M","Programmer"
"YIA TUA SOU","Brazil","F","Lawyer"
"TOE EEA TIO","Brazil","F","Programmer"
"YII IIO TIA","France","F","Student"
"RUE YAO GAU","US","M","Researcher"
"QIE GIU YUU","Bolivia","F","Teacher"
"PAA EAA GEI","Brazil","F","Researcher"
"OEO NIA KUI","China","F","CEO"
"LEE DAE KAO","Canada","M","Teacher"
"DEA DEI MIA","Japan","F","Lawyer"
"FAI UUU JEU","Canada","M","Unemployed"
"XIA EUA GOU","China","M","CEO"
"IIE ZIE YOI","Canada","M","Teacher"
"COE TUA IUO","Italy","M","CEO"
"NII WOU BOO","Brazil","M","Programmer"
"NAE ZUO PAE","China","F","Researcher"
"FAO QUI NEI","Australia","M","CEO"
"COI BEO CEU","Brazil","M","Teacher"
"OIE OAU PAA","Italy","M","Lawyer"
"SOI ZEU OIE","Australia","M","Teacher"
"PIU CEI YAO","China","M","Unemployed"
"JIE GEE ZEO","France","M","Lawyer"
"PUE HAI RAO","China","F","Programmer"
"KEI JEI PAE","Australia","F","Programmer"
"MUE DOA SAU","Japan","F","Teacher"
"EII HAO TOA","Italy","M","CEO"
"EOI SAI PAE","China","F","Teacher"
"ZOI XIA TUI","Italy","M","Student"
"XIU LOE FOI","Italy","M","Manager"
"MIU ROO EEI","US","F","Student"
"EOI MOI XIA","France","F","Lawyer"
"QAA IIA ZUI","Australia","F","Programmer"
"KOA PUI HOI","Australia","F","Manager"
"SAA HAU XIA","Brazil","M","Programmer"
"MUI EEE EIA","Brazil","F","Programmer"
"OII IEU NEO","Bolivia","F","Researcher"
"EII PUA QUO","Canada","F","Student"
"XOU BOI EUE","Canada","M","Teacher"
"VOU QAE JEO","Australia","F","Manager"
"CII OEI JAU","China","M","Student"
"GEO NAI JIE","Bolivia","F","Student"
"WAE RAO KUO","Bolivia","M","Lawyer"
"QAI MUE WEU","Italy","F","Unemployed"
"QEE PEI QII","Bolivia","M","Researcher"
"KOO BIO IEI","Brazil","F","Researcher"
"YEU CEO ZEO","Bolivia","F","CEO"
"UII WUU JEU","Canada","M","Teacher"
"FAU TAO NOI","US","F","Teacher"
"TEI WIO HUO","US","M","Researcher"
"WEI RIE KIU","Brazil","M","Teacher"
"EUE XUE SEE","Canada","F","Teacher"
"XAA YUE GIA","US","M","Unemployed"
"KIA NAE QEI","Canada","F","Student"
"LOA UAU WUI","Bolivia","M","CEO"
"WIE FUI TEO","France","F","Lawyer"
"IUO DEA MAE","Japan","M","Researcher"
"GAI QUO HUU","Italy","F","Manager"
"PUO QOU ZAA","Bolivia","M","Student"
"SEA FAO WAU","Japan","F","Unemployed"
"RAA QII NOI","Australia","F","CEO"
"WUI QOI UUA","US","M","Unemployed"
"YII LEA FEI","Brazil","F","Researcher"
"FUU KEO WAO","Canada","F","Student"
"QAU LEI DIE","Brazil","F","Student"
"GAE HAO WEO","Italy","F","Student"
"OAI CAE CAU","Australia","F","Programmer"
"HIO LOO IUO","Japan","F","Student"
"YUI ZOE OIA","Brazil","M","Researcher"
"MEO KOE HEO","Italy","M","Researcher"
"PEI UAO VII","France","M","Researcher"
"HII QEO ZAA","Japan","M","Manager"
"OEA ZOO OIA","Brazil","F","CEO"
"DAU COO QIA","Italy","M","Lawyer"
"EUO GUU GOI","France","M","Programmer"
"WUU OOU ZUE","Japan","M","Lawyer"
"ZII ZEI VUE","Australia","F","Teacher"
"WAE NEI HIU","Australia","M","Teacher"
"HEE QAI POA","Canada","M","Manager"
"IEE YEU NAO","Australia","F","Teacher"
"LEA NEE WAE","Bolivia","M","Unemployed"
"EUU YOI BUU","Italy","F","CEO"
"YEA TAA RAE","Australia","M","Teacher"
"KAO EOA WEA","US","M","Researcher"
"ZOA UIU KEA","US","M","Lawyer"
"QIA ZOI QUO","Japan","F","Manager"
"DEE CUU DAA","Bolivia","M","Lawyer"
"OAO OEO EAE","US","M","CEO"
"FIU QUU POA","Bolivia","F","Unemployed"
"MIA SIA KUU","US","M","Teacher"
"OUU DAU VAO","US","M","Unemployed"
"ROO HAA PIA","Canada","M","Student"
"CEU LAE UIE","Brazil","F","CEO"
"KUI BOU CAI","Japan","M","Teacher"
"VII ROO XIE","Italy","F","Researcher"
"GAA TOU RIE","Brazil","F","Researcher"
"EAO WIU KAO","Canada","M","Programmer"
"EEI CUU GEU","Italy","M","Lawyer"
"NAE DII XUI","US","F","Unemployed"
"SOA LEE JOO","Italy","M","CEO"
"IAI XEU OIE","US","F","CEO"
"LEO TIU CUU","Brazil","M","Unemployed"
"JOA VEA OIE","China","M","CEO"
"XUI COA DIO","US","M","CEO"
"JOU LOE DIU","China","F","Lawyer"
"PUO MUU WEU","Bolivia","F","Manager"
"PAE JIU QAE","Australia","F","Lawyer"
"BUO SAA IAI","Bolivia","F","CEO"
"XAU OEA JEU","US","M","Researcher"
"QIA VOE ZOO","Italy","F","Manager"
"QEI CIU NIU","US","F","Researcher"
"VIU TAA QUA","Italy","M","Manager"
"FAI ROI RAU","France","F","Researcher"
"WEI MEU FUO","Japan","F","Student"
"XEI CIO FUU","Italy","M","Lawyer"
"QOE HUE OOE","France","F","Manager"
"PEU ZAU KUU","Italy","F","Researcher"
"GAU SIU NOI","Australia","F","Unemployed"
"UAI LOI XUI","Italy","F","Programmer"
"VEE MUA KAU","Canada","F","CEO"
"RIO KUU IAO","France","M","Teacher"
"DAE XII SIA","France","F","Lawyer"
"HAU PUA HOE","Australia","F","Manager"
"YOO MEI ZOI","Bolivia","F","Programmer"
"XOE SAA XEA","Brazil","M","Lawyer"
"FII MAO IOA","Canada","M","Unemployed"
"PEE SAI ZUE","Bolivia","M","Lawyer"
"YOE TOI GEE","Italy","F","Unemployed"
"GUE ROA MIO","US","M","Manager"
"QIO BAE IIO","Bolivia","F","Teacher"
"JEA III TUI","France","F","Lawyer"
"LAU GAA CIA","France","M","CEO"
"GAI FOE LEU","Bolivia","M","CEO"
"PUU BIO FIO","France","F","Unemployed"
"YOU OEE MAA","China","F","Lawyer"
"PAU BAU KEA","Bolivia","F","Lawyer"
"VUI YIA MOU","Australia","F","Manager"
"EUO MUU OIU","Italy","M","Teacher"
"DOE NUI YUU","China","M","Manager"
"LAI QEO GUA","Japan","F","Unemployed"
"FAO ZIE YUU","China","F","Lawyer"
"EOI IOU GUO","Italy","M","CEO"
"QIO FIA WAI","Brazil","M","Programmer"
"DUI VUA UIU","Japan","M","Teacher"
"XIO BEO LEI","China","F","Researcher"
"ZIE NOU SUE","Bolivia","M","Programmer"
"JEE EOU MII","Japan","F","Student"
"LOO NUI PUA","China","M","Student"
"GAU EEO QIE","Canada","M","Lawyer"
"LUU WOU LII","Brazil","M","Manager"
"ZAA ZAA UEO","France","M","Teacher"
"OIO BEU EUO","China","F","Programmer"
"CAE DIA QIE","Australia","M","Unemployed"
"GAE DUE LAO","Italy","M","Manager"
"XIU BUE EUA","Italy","M","Lawyer"
"OOO RUU SIU","US","F","Manager"
"YUU IAU TUA","Australia","F","Teacher"
"DUI YAA VAA","Canada","M","Researcher"
"DUU HIO WAE","Australia","F","CEO"
"YAE COE RUI","China","M","Unemployed"
"PEU XOU BOO","US","M","Teacher"
"GEA YEO IEI","Bolivia","M","Researcher"
"MUE IAE III","Canada","M","Programmer"
"SIE BII LEI","Australia","M","Manager"
"MOE PEO LIU","Canada","F","CEO"
"III PUO HEU","Bolivia","M","Researcher"
"IOI VEI BIE","Bolivia","F","Manager"
"REU ZOU MIU","China","F","Teacher"
"ZOU GEI JUI","Japan","M","Unemployed"
"FIU JIO DEE","Brazil","M","Student"
"ZOI DAE YAI","Bolivia","F","Student"
"SUO QIO IIU","France","F","Student"
"SUO EAO RUO","France","M","Lawyer"
"PAU ZEE DEO","Canada","M","CEO"
"TOI REA VOO","US","M","Researcher"
"ZUU YAU CAA","Italy","F","Unemployed"
"TAA ZOO MEI","Japan","M","Programmer"
"ZII NOA KEU","Italy","F","Student"
"KIO YUU PUA","Bolivia","M","Student"
"NUI NUU VAO","Bolivia","F","Student"
"MEU BOI TEU","Japan","F","Unemployed"
"VAA NAO QIO","Canada","F","Lawyer"
"QEA REU OOE","Brazil","F","CEO"
"IOI EIO ZUE","Italy","M","Researcher"
"ZIO XEI HAO","Bolivia","F","Programmer"
"FOU VEO FUU","Australia","F","Lawyer"
"VIE LAU LEU","Italy","F","CEO"
"CEI REI HEU","France","F","Researcher"
"ROE ZOI XIA","China","M","Lawyer"
"PUI KAO VIU","France","M","Programmer"
"ZAI JIO XUE","Bolivia","F","Manager"
"TUE NAA LIO","Brazil","M","Programmer"
"MEU EEI DAE","France","F","Researcher"
"BIE PIU KOU","France","F","Researcher"
"TAA ZAE EOI","China","M","Teacher"
"KUE XOE UAE","Brazil","M","Researcher"
"DOA KII GIU","France","F","Manager"
"GAO ZUO EOO","Italy","M","CEO"
"KEA VAI SAE","Brazil","F","Programmer"
"KAI FAI KUO","Bolivia","F","Lawyer"
"ZII WOA OUI","China","F","CEO"
"TIA IEO EIA","Australia","M","Lawyer"
"CAO KUO MOO","Canada","F","Teacher"
"WOO TUO DOE","US","M","Manager"
"XUI WUU LOA","Canada","F","Lawyer"
"OUE PUI HEA","Australia","M","Unemployed"
"TII PEA LOI","Australia","F","Unemployed"
"IIA ZIA NUO","Australia","F","CEO"
"DII SEE CEU","Canada","F","Researcher"
"HEI BEE SII","Italy","F","Manager"
"PAE EEU IUU","Italy","F","Student"
"DEA WUE VEA","Brazil","F","Programmer"
"HUI FUO OAO","China","F","Student"
"VIA VAA BOU","Brazil","F","Programmer"
"YUI ZAI KEA","Australia","F","Student"
"QOO HEU SOU","China","M","Programmer"
"YII PUE VAU","Japan","M","CEO"
"YAO HUU DIA","Bolivia","F","Lawyer"
"BEO KAA IOU","Brazil","M","Lawyer"
"DUU EUE WOI","China","M","Programmer"
"KOE KII TUU","China","M","Researcher"
"KIA BAE TIE","Japan","F","Researcher"
"LAI KEO TEE","China","F","CEO"
"LEO POE POA","China","F","Programmer"
"BOU WEO TIE","China","F","Manager"
"BOU WII ROA","Italy","F","Manager"
"SOE VIE QEO","France","F","Programmer"
"DEI EOO LAI","Italy","M","CEO"
"SOO WEU JOE","Australia","F","Unemployed"
"NOE RUA TAI","Italy","F","Unemployed"
"MAU OEU LII","Japan","F","Student"
"MEU UOU PEA","Australia","M","Unemployed"
"REI NOA IOO","France","M","Programmer"
"DIU VIE NAI","China","F","Teacher"
"TUI PUE YAE","Australia","F","Lawyer"
"IAI MUO IAE","Australia","M","Lawyer"
"TOO UEE VEE","Brazil","M","Unemployed"
"BOO UIE KAO","Italy","M","CEO"
"NEA OEI COA","Canada","F","Programmer"
"DEU VUE WUA","Brazil","M","Teacher"
"ZAA FEA RAU","Brazil","M","Teacher"
"VAA HOE XIO","Australia","M","Programmer"
"JIO XII LUI","US","M","CEO"
"SIA EUO BOE","Bolivia","M","Unemployed"
"RIU YOU BAU","Canada","F","Lawyer"
"EEU ZAU TUI","China","M","Teacher"
"OUE QAO TUO","Bolivia","M","Teacher"
"NIE PAE FUI","China","F","Lawyer"
"QOA MAA YAE","Canada","F","CEO"
"VOE KOA MAO","France","F","Researcher"
"JUI NIU KEI","Brazil","F","Programmer"
"FAO QAA KEA","France","F","Student"
"VOE KIO TAE","China","F","Programmer"
"WEI WUI WEE","Japan","M","Student"
"BOO YIE PUE","France","F","Researcher"
"PUO LEI JEA","France","F","Programmer"
"KOI GUU XEA","Italy","M","Manager"
"FIU IIA HOI","Italy","F","Lawyer"
"BUI YUA BOI","US","M","Lawyer"
"IOO XEO JAU","Bolivia","M","Programmer"
"SOI WUE SUI","US","M","Teacher"
"KIU KAI CEU","Australia","M","Lawyer"
"PAI OUA OIA","China","M","Unemployed"
"WUA LIA MEU","Bolivia","F","Teacher"
"DUU HEE UAU","Australia","M","CEO"
"TUU QEA EEO","Italy","F","Teacher"
"DII VIO TEA","Bolivia","F","Teacher"
"SOI XOA PUI","Italy","M","Student"
"VUU DEI TUO","US","M","Lawyer"
"IEA YEE OUU","France","F","Lawyer"
"JOA BEA IAE","Japan","M","Unemployed"
"SEU HIO XEI","Japan","F","Lawyer"
"JII NUI RIU","Bolivia","M","CEO"
"HUE NOU MII","Brazil","F","Manager"
"OEA YUO VOU","France","F","Manager"
"BUU VAO GOO","Brazil","F","Unemployed"
"DEU PUO XII","China","M","Manager"
"PAI MII JAO","Japan","F","Unemployed"
"UEU WEI ZAE","Brazil","F","CEO"
"CEI MEI XUO","Brazil","F","Teacher"
"SIE XEA IUO","China","M","Teacher"
"JAA GIO IUA","Italy","M","Manager"
"GAA NUA JII","Brazil","M","CEO"
"JUO GAU HEE","Brazil","M","Manager"
"EIU PEI RUE","US","F","Manager"
"EAI PIO JAE","France","M","Unemployed"
"KOE EUO XIU","Italy","F","Programmer"
"UEE MOA LEI","Italy","M","Unemployed"
"BUA DOU WAE","Bolivia","F","Student"
"NOE PIA YEE","Italy","F","Researcher"
"UII MOE KIA","US","F","Student"
"XIA BAO WEI","France","F","Unemployed"
"DEI MIE PEO","Brazil","M","CEO"
"YAE XUA QOE","Bolivia","F","Lawyer"
"GEA HIO FEI","Australia","M","Student"
"YEO TEO LIU","Canada","F","Unemployed"
"LOO ZAO LOI","Italy","F","Student"
"JAU REU DUO","Bolivia","F","Unemployed"
"YOA ZIO RIU","Brazil","M","CEO"
"VAE YUI POI","US","M","Researcher"
"XOA PUO RAU","US","F","Programmer"
"OAO SIE NAU","Japan","F","Teacher"
"QEA SUO QOI","Bolivia","F","Student"
"BEU DEA QIU","Italy","F","Lawyer"
"EIE BOA UEA","Italy","M","Researcher"
"VOU JEE OUA","Canada","F","Unemployed"
"UAE ZIO CEU","Bolivia","F","Unemployed"
"FUO YEE FAA","Bolivia","F","CEO"
"GUO GEA FOI","Bolivia","M","Researcher"
"COO VUA PUO","Brazil","M","Student"
"TIA BOI GUI","France","F","Researcher"
"LEI UUE ZAU","France","M","Manager"
"GUI DUE PIE","US","M","Teacher"
"DEU GOI DAA","Italy","F","Student"
"IEE IAA PAI","Australia","M","Lawyer"
"VEI BIA NEU","US","F","Unemployed"
"HUO VEI UIU","Brazil","F","Programmer"
"BOU PUU SUU","Japan","M","CEO"
"OOI FAA GII","Italy","F","Lawyer"
"CUA UIU LEI","Japan","F","Manager"
"PAA UEE MAU","Italy","M","Student"
"WAE CIA ZEA","Australia","F","Lawyer"
"SEE ZEO DOA","Brazil","F","Programmer"
"JEE BOA LIA","US","F","Researcher"
"DII GUE OIE","France","M","Teacher"
"FEI OAU YAA","Australia","F","CEO"
"LOA KOI MOO","Italy","M","Researcher"
"QEO POE XOI","US","M","Teacher"
"RII IUE MIE","Japan","M","Programmer"
"VEE GAE HUU","US","M","Lawyer"
"DUI XII PEI","US","F","CEO"
"TOE KEE LAI","Australia","M","Lawyer"
"UEE QOO OAO","Australia","F","Programmer"
"BOA MAO IAI","France","M","CEO"
"DOO XOI OIU","China","F","CEO"
"FEA PUA SUE","US","F","Teacher"
"WEA YOU LUU","Canada","F","Student"
"MIA LOE XIA","Australia","F","Researcher"
"MOA MAE JEE","Italy","M","Lawyer"
"FOI GUO HIO","Brazil","F","Teacher"
"FAI YIU YOO","Australia","M","Student"
"BEU EII XEE","France","F","Programmer"
"QEO QUU EEO","Canada","F","Student"
"YEI XAI OII","US","M","Researcher"
"XAI IAO LEI","Bolivia","M","Lawyer"
"YEO BIO HIE","Australia","F","Lawyer"
"DAO HUI SIU","Bolivia","F","Researcher"
"NII BOA REU","Canada","F","Student"
"YEO DEE DUO","France","M","Student"
"XAO BIU FAE","Bolivia","M","Programmer"
"SEU GOE PAU","Bolivia","M","Manager"
"VUO DIU EAU","US","M","Lawyer"
"DOI LUI WAE","China","M","Manager"
"TUI QAE XAI","France","M","Unemployed"
"LUU HOI VII","Australia","M","CEO"
"YAU FUU RUE","Bolivia","M","Researcher"
"CUI OEE VOE","Italy","F","Programmer"
"KUI TEO COO","Bolivia","M","Programmer"
"QIE FOI YOO","Brazil","M","Lawyer"
"IAI GUU KII","France","M","Lawyer"
"JIU QIE BUI","Bolivia","M","Programmer"
"HOI GUU YOE","Australia","M","Programmer"
"BIU BEO CIA","China","M","Student"
"GUE GAE III","France","M","Teacher"
"XIO HOE JIE","Japan","F","Programmer"
"LUU TIU FAO","Italy","M","Lawyer"
"WUO RUI TEI","Japan","M","Manager"
"WAE FOO RUO","Japan","F","Programmer"
"QOA IOU HEI","US","M","Programmer"
"NEE KIE CEI","Brazil","M","Programmer"
"ROO YAI KAA","France","M","Student"
"BEO SAO VEE","France","F","Manager"
"PUO DUU RUI","Canada","M","Teacher"
"FAO TOO TIO","Canada","M","Student"
"GAI GUE HEU","China","F","Student"
"DOU LIA TIU","Bolivia","F","Student"
"POI VAI DUO","Brazil","F","Unemployed"
"NUA KUI CEE","Japan","M","CEO"
"GEI QAI SOI","Bolivia","F","Programmer"
"KOI VEE POO","China","F","Lawyer"
"HAE IIE DUA","Italy","M","Researcher"
"DUU OEE ROO","Canada","M","Manager"
"LIE BIO NAO","Italy","F","Programmer"
"XAE UUI MAE","Bolivia","M","Programmer"
"SEO SIA WEU","Bolivia","M","Programmer"
"WAE JAE VOU","Brazil","M","Researcher"
"HAI VEA PII","China","M","Lawyer"
"IOI IEI KUU","US","M","Manager"
"SAE CIU ZIO","Japan","F","CEO"
"CUA ROO ZEI","China","M","Researcher"
"BOU HAI FEO","Italy","F","Lawyer"
"WEE QEA EAU","Italy","F","Teacher"
"EEA TOI OAU","France","F","Student"
"XUO MAU BAO","Bolivia","M","Researcher"
"EOO IOU YUE","Brazil","M","Researcher"
"KIE LIO IOA","Japan","F","Manager"
"WAE GOA DOA","China","F","Lawyer"
"POA QEI ZOI","Canada","M","Teacher"
"MAO YEO PAO","France","F","Student"
"KAA RUU LEI","Bolivia","F","Student"
"FIE NIA NAU","Brazil","M","Lawyer"
"MUO FAU MUI","Australia","M","Teacher"
"TUU GUA RAE","Canada","F","Manager"
"REI UIU QAU","France","F","CEO"
"YAU LUE ROA","US","F","Unemployed"
"DUO SIO PUA","China","F","CEO"
"IUI VUA LEE","Australia","M","Student"
"MAU GAU NAA","US","F","Unemployed"
"OIO TOU FEU","US","F","CEO"
"IOO ROU UUA","Australia","M","CEO"
"SAE MUE XAU","Australia","M","Researcher"
"MUE VUE WIU","Bolivia","F","Lawyer"
"TUU JIU YAI","China","M","Teacher"
"HAO OOU NEU","Bolivia","F","Manager"
"QOO YAA UIE","US","F","Unemployed"
"IOA KIE HAI","Brazil","F","Manager"
"SAI OUO TOE","Canada","M","Lawyer"
"JII JOO SUA","Australia","M","Lawyer"
"ZIU SUE GAU","France","F","Lawyer"
"DAE EAI JIA","China","M","Manager"
"NUE ZUA BAO","Australia","M","Programmer"
"RAU MOI XUU","France","F","Researcher"
"OOU ZOO QUI","China","F","CEO"
"KOA PAU SIU","US","M","Manager"
"DEI JEI ZII","Canada","F","Manager"
"IIA WUO BEA","France","M","Manager"
"TUE TUU PUE","Brazil","F","Teacher"
"GIE PUA HUE","China","F","Lawyer"
"NAI WIE QAA","Japan","F","Unemployed"
"YIA FAO MOA","Canada","M","Student"
"MEE DAU POU","US","F","Teacher"
"FUU XIO HEO","US","F","Teacher"
"SAU MUI ZUO","Canada","M","Teacher"
"DEA OUA WUE","France","M","Student"
"GOE GUE OOO","France","F","Researcher"
"IEI KUA EEU","Canada","M","Researcher"
"PUO XAO OEA","France","F","Programmer"
"YEE HUA BOU","Italy","M","Unemployed"
"BIU TUO HIA","Bolivia","F","CEO"
"LIA GUI WIA","Japan","M","Researcher"
"NEA VEE JAA","Japan","M","Unemployed"
"WIU XAA ZEE","Japan","F","Teacher"
"YIA GIU LEU","Japan","M","Researcher"
"RAO OIU OIU","US","M","Manager"
"TOO VOO ZOA","Canada","M","Teacher"
"KEU EAI EUU","France","M","Programmer"
"PUO LUO WIA","Japan","F","Teacher"
"UOU FEA MIO","Australia","F","CEO"
"PAU EIA ZEO","Brazil","F","Lawyer"
"ROA XAA LEI","China","M","Programmer"
"FOA PAI QUO","US","M","Student"
"TIU KOO CUO","France","M","Manager"
"VUI PAE OAI","Bolivia","M","Unemployed"
"VUU SII MUA","Bolivia","M","Researcher"
"ZUE EIU EIE","China","F","CEO"
"MEA BEE MUE","France","M","Student"
"MOE POE FOA","China","F","Lawyer"
"HOO IEO FOA","Japan","M","Lawyer"
"CIE QEO DII","Bolivia","M","Researcher"
"IOO SIO BIA","Bolivia","F","Programmer"
"GAU HUO ZUO","Italy","F","Researcher"
"TEA YOA CUO","Italy","F","Manager"
"PAU YAI WUU","France","F","Lawyer"
"BUO UEO QII","Brazil","M","Teacher"
"FOE OOE GAA","France","F","Unemployed"
"GOE ROO JOI","France","M","CEO"
"LEA HUU DUO","France","F","CEO"
"LEU POO OIA","Brazil","F","Student"
"RUO DIU HOE","US","M","Teacher"
"GAA XEE HAE","Brazil","F","CEO"
"BEE POO GAO","Australia","M","Programmer"
"BOI IUO UOO","France","M","Unemployed"
"SOI UIE VEU","US","F","CEO"
"JII BOE QEU","Brazil","F","Researcher"
"NIA EOA UIU","Italy","F","Lawyer"
"QUU EOE GOO","Italy","M","CEO"
"MIO NOA WIO","France","F","Lawyer"
"ZEA TAA DIA","Italy","M","CEO"
"TUI QEU EUA","Brazil","F","Teacher"
"JAA MAA GUO","France","M","Manager"
"GAI DIU NEA","Australia","F","Researcher"
"JIO QUO KAU","Japan","M","Student"
"BIO FEE GOI","China","F","Unemployed"
"NOO CUE JOO","Bolivia","F","Programmer"
"POU DOA ZOO","Brazil","F","Lawyer"
"NUU NIU EUO","Canada","M","CEO"
"YUE IIU HAU","Italy","F","Researcher"
"XUI EIO XIA","Japan","M","Student"
"KAO OOA IIE","Brazil","F","Student"
"IAO XUE DEA","Bolivia","F","Unemployed"
"WUA QOE HII","Japan","M","Lawyer"
"HUI YII SAU","Canada","F","Teacher"
"YUU WAU QAU","Bolivia","F","Researcher"
"LAU CIU ZUI","Italy","M","Unemployed"
"ZUU COO ZIU","Japan","F","Manager"
"EEU QUO FEU","China","F","Student"
"HIA CAI BEE","Bolivia","F","Unemployed"
"SEA NUU EOA","Brazil","M","Manager"
"DAU WUI FII","France","F","Teacher"
"LUA EUE UIO","China","F","Researcher"
"TUE RUI IUU","Australia","M","CEO"
"LOA LOO SIA","China","M","Student"
"NUA EEE EUA","Japan","M","CEO"
"DAO VIU QIE","Canada","M","Researcher"
"OEU PII DEE","Brazil","F","Student"
"GOI EIO NOO","US","F","Student"
"OUO VAI BEA","Canada","M","Manager"
"JUI OUI EEO","China","M","Programmer"
"MEE SEE LOI","Canada","M","Unemployed"
"QEI KOO LOU","Canada","M","Teacher"
"BUU QEU VII","Australia","M","Programmer"
"BUI CEO DIE","China","M","Teacher"
"ZEE MAA WIA","Australia","M","Lawyer"
"WII SUA RAA","China","F","Teacher"
"MOO YEO GEA","Australia","F","Student"
"QEI LAA JEU","France","M","Student"
"YII CUI VAI","Japan","M","Lawyer"
"WIA PAE OUU","Bolivia","F","Researcher"
"KIO SAO CAO","Italy","M","Teacher"
"PUE GIO JOO","US","F","CEO"
"VUE IEE HUI","France","M","CEO"
"SUU SUI PUA","China","M","Researcher"
"JUO BOI MUA","Italy","F","Student"
"GUA VUI PAO","Italy","M","Researcher"
"SOO FAO COO","Brazil","M","Programmer"
"BUU WEU SOI","US","F","Student"
"EOA SIU XEU","Japan","M","Programmer"
"HOO DIA BUA","Canada","M","Lawyer"
"RII NII UOO","Canada","F","Manager"
"OIA TUU TIO","China","M","Lawyer"
"REA GIE FEU","US","M","Unemployed"
"NUE WAA FAI","Australia","F","Student"
"YIO DIE VEO","Italy","M","Unemployed"
"YIU EII TUO","Bolivia","M","Student"
"KIA SOA EAU","France","M","CEO"
"NAA MIA PIO","Canada","F","Manager"
"VOI NOO ROO","Australia","M","Lawyer"
"HII PEA NAE","Brazil","M","Teacher"
"TEA HAE HIU","Canada","F","Unemployed"
"GAO MUU LAI","France","F","Researcher"
"UUI TOE NAI","Italy","F","Teacher"
"WOA YEU EUI","Canada","F","Unemployed"
"ZUU XOA UEA","Brazil","M","Unemployed"
"XII ZAE KUI","France","F","Teacher"
"LAU ZAU UIU","France","F","Researcher"
"DEO HOO FOU","Australia","F","CEO"
"FUI EII REO","China","M","Student"
"RII CAI UAO","Japan","M","Student"
"IOA PIO TAU","Italy","M","Student"
"BAO JII LOO","Bolivia","M","Researcher"
"HEA QIE JUO","France","F","Manager"
"CAA IEI YAE","Canada","F","Student"
"LAO EEI QUI","Canada","F","Unemployed"
"PEU SIU BEU","Bolivia","M","Manager"
"VAO WIE NIO","Bolivia","F","Manager"
"OUI UIE RAU","France","F","Unemployed"
"IEA JEI GOU","Bolivia","M","Programmer"
"PUU IAE VOE","US","M","Lawyer"
"SII EEU YEI","Brazil","F","Student"
"JEI EEA BIA","Bolivia","F","Unemployed"
"DEO OIA VIU","China","F","Researcher"
"HEA KUI IUI","US","M","Programmer"
"JOE YAO SEO","Japan","M","CEO"
"MAU COU UUA","France","F","Manager"
"MIO KAA JEA","China","M","Lawyer"
"CEE ZAA PUU","France","M","Unemployed"
"FOE KOU NEI","Japan","M","Student"
"RUO NOI VOA","Italy","M","Manager"
"EUI COO MUI","Brazil","M","Lawyer"
"JEE QEU XOI","China","F","CEO"
"EEO MUI OEO","China","M","Manager"
"IEO YEU LIU","Canada","M","CEO"
"PIA JAO HUE","Brazil","M","Student"
"DOE TOE OIU","France","M","Researcher"
